Class;Method;Signature
java.time.Clock;equals;Object
java.time.Duration;equals;Object
java.time.Duration;isNegative;
java.time.Duration;isZero;
java.time.Instant;equals;Object
java.time.Instant;isAfter;Instant
java.time.Instant;isBefore;Instant
java.time.LocalDate;equals;Object
java.time.LocalDate;isAfter;ChronoLocalDate
java.time.LocalDate;isBefore;ChronoLocalDate
java.time.LocalDate;isEqual;ChronoLocalDate
java.time.LocalDate;isLeapYear;
java.time.LocalDateTime;equals;Object
java.time.LocalDateTime;isAfter;ChronoLocalDateTime
java.time.LocalDateTime;isBefore;ChronoLocalDateTime
java.time.LocalDateTime;isEqual;ChronoLocalDateTime
java.time.LocalTime;equals;Object
java.time.LocalTime;isAfter;LocalTime
java.time.LocalTime;isBefore;LocalTime
java.time.MonthDay;equals;Object
java.time.MonthDay;isAfter;MonthDay
java.time.MonthDay;isBefore;MonthDay
java.time.OffsetDateTime;equals;Object
java.time.OffsetDateTime;isAfter;OffsetDateTime
java.time.OffsetDateTime;isBefore;OffsetDateTime
java.time.OffsetDateTime;isEqual;OffsetDateTime
java.time.OffsetTime;equals;Object
java.time.OffsetTime;isAfter;OffsetTime
java.time.OffsetTime;isBefore;OffsetTime
java.time.OffsetTime;isEqual;OffsetTime
java.time.Period;equals;Object
java.time.Period;isNegative;
java.time.Period;isZero;
java.time.Year;equals;Object
java.time.Year;isAfter;Year
java.time.Year;isBefore;Year
java.time.Year;isLeap;
java.time.YearMonth;equals;Object
java.time.YearMonth;isAfter;YearMonth
java.time.YearMonth;isBefore;YearMonth
java.time.YearMonth;isLeapYear;
java.time.ZonedDateTime;equals;Object
java.time.ZoneOffset;equals;Object
java.time.ZoneId;equals;Object